client_gb,compute_share,mean_s,n_peers,p50_s,p95_s,peer_gb,profile,tok_per_s,topology
,0.9999999909413569,0.009156338100385856,0,0.00915633810038586,0.00915633810038586,,none,109.21396622060725,single_machine
0.45268992,0.9040413019168854,0.016982811726302442,2,0.01698053390411694,0.01713252757170003,35.006205015,lan,58.88306460179569,A_chain
0.45268992,0.8939060161749404,0.02053142376397659,3,0.020529110959787385,0.02071285953406291,23.33747001,lan,48.70582827064093,A_chain
0.45268992,0.8869971647215776,0.02407354168934511,4,0.02407218036085093,0.02426145274537985,17.5031025075,lan,41.53938015869919,A_chain
0.45268992,0.8719391904546987,0.038251707903922544,8,0.03825287836742468,0.038496928699357016,8.75155125375,lan,26.1426235532206,A_chain
0.45268992,0.8758920046246798,0.017528603003785434,2,0.017522769656777473,0.01770460370757903,35.006205015,lan,57.04961198471107,A_relay
0.45268992,0.8487417642238737,0.021623966201355416,3,0.021619253557939366,0.02183553506291327,23.33747001,lan,46.2449853411868,A_relay
0.45268992,0.8307371857711247,0.025703873124970227,4,0.025701936280363755,0.02594938303664434,17.5031025075,lan,38.90464270260276,A_relay
0.45268992,0.7930591640633051,0.042056336695446644,8,0.04205279879572176,0.042395458235871354,8.75155125375,lan,23.777629688518925,A_relay
24.71392683,0.03138743619997999,0.17164904894797658,2,0.17166410913776683,0.1723423639801971,22.6492416,lan,5.825840609831052,B_star
19.05161643,0.030042272778916607,0.17190514534793125,3,0.17190849669082076,0.17254128308844838,16.9869312,lan,5.817161539731854,B_star
15.654230190000002,0.029260581258060733,0.17204288350406802,4,0.1720357137071057,0.17262015173051326,13.589544960000001,lan,5.812504299117695,B_star
9.61443243,0.027838602447871747,0.1723050043774223,8,0.172296192334234,0.17286204455898047,7.5497472000000005,lan,5.8036619633494135,B_star
0.45268992,0.28222682730751236,0.0544000843921443,2,0.04996159712955049,0.05883023504239457,35.006205015,metro,18.382324424195307,A_chain
0.45268992,0.26211156741879466,0.07002042452377401,3,0.06433712367570732,0.0914831946138982,23.33747001,metro,14.28154723141489,A_chain
0.45268992,0.2467403839534906,0.08654101481531609,4,0.07944034076274453,0.11423712646313001,17.5031025075,metro,11.555214624349647,A_chain
0.45268992,0.218748256239356,0.15247281873991506,8,0.13887841870402587,0.24081628287385842,8.75155125375,metro,6.558546029806002,A_chain
0.45268992,0.22713369737092998,0.06759526834181145,2,0.06180952489832531,0.08917730231923156,35.006205015,metro,14.793934908923855,A_relay
0.45268992,0.18944207274453867,0.09688008031882614,3,0.08842762327148304,0.13688161823199962,23.33747001,metro,10.322039336766279,A_relay
0.45268992,0.16989799331886005,0.12568225678322617,4,0.11458050685410277,0.1853490681619871,17.5031025075,metro,7.956572595006603,A_relay
0.45268992,0.13824576080078196,0.24125993469932977,8,0.22152938709805586,0.4116609257844934,8.75155125375,metro,4.144907032517646,A_relay
24.71392683,0.004096202892393016,1.3155500464708976,2,1.2910351557642212,1.659033849308458,22.6492416,metro,0.76013831832746,B_star
19.05161643,0.0036181084278359816,1.4283799346867276,3,1.4006116960000217,1.825504980236005,16.9869312,metro,0.7000938445829681,B_star
15.654230190000002,0.003325672513081118,1.5140853738412094,4,1.4811556186844141,1.9312006905880803,13.589544960000001,metro,0.6604647381692993,B_star
9.61443243,0.0028152986436379996,1.7050741569778194,8,1.6693647715066722,2.2385085823723663,7.5497472000000005,metro,0.5864847554621688,B_star
0.45268992,0.12214752070972881,0.12569361321496686,2,0.11335254363545356,0.20505864172737864,35.006205015,national,7.9558537177999265,A_chain
0.45268992,0.11140979375606576,0.1647356359301811,3,0.14912276495366947,0.3304206180711937,23.33747001,national,6.070331985872346,A_chain
0.45268992,0.10284821371186288,0.2076182215772685,4,0.18658234930217416,0.3760773396596565,17.5031025075,national,4.816532924726136,A_chain
0.45268992,0.09239672090506325,0.3609777803427232,8,0.33259244533529403,0.5373108615969899,8.75155125375,national,2.770253612426144,A_chain
0.45268992,0.09552395272690943,0.1607257947872876,2,0.14696899175406408,0.32017465093735314,35.006205015,national,6.221776668290544,A_relay
0.45268992,0.07699167114523725,0.23837855381310488,3,0.2161788515155666,0.40571168599352075,23.33747001,national,4.195008250549361,A_relay
0.45268992,0.0671007270494693,0.3182255120352633,4,0.28779062089908236,0.4885195138335229,17.5031025075,national,3.1424256138495514,A_relay
0.45268992,0.05360114375049454,0.6222472299940073,8,0.5779642269527453,0.8454817389205206,8.75155125375,national,1.6070782669609165,A_relay
24.71392683,0.0015031062358435543,3.58580265061374,2,3.5402976279349625,4.193653902877212,22.6492416,national,0.27887758960433634,B_star
19.05161643,0.0013199354803005274,3.9147712815973112,3,3.8735161361104424,4.5879599637201895,16.9869312,national,0.2554427648687507,B_star
15.654230190000002,0.001210817789806837,4.15949022672133,4,4.098632499577668,4.933071906847117,13.589544960000001,national,0.24041407612303456,B_star
9.61443243,0.0010263131495773143,4.6757860477752295,8,4.614024163385946,5.536316153282376,7.5497472000000005,national,0.21386778389396296,B_star
0.45268992,0.05977721991236149,0.2568396999018164,2,0.23423586492737736,0.4311656629775675,35.006205015,researcher,3.8934790859134156,A_chain
0.45268992,0.055059292875402004,0.33333452474205627,3,0.31113116455879525,0.5053062607445883,23.33747001,researcher,2.999989277359819,A_chain
0.45268992,0.051260910125449574,0.41655841012184014,4,0.39108272120404475,0.5997555479630318,17.5031025075,researcher,2.400623719750389,A_chain
0.45268992,0.04447491230381567,0.7499320739614888,8,0.7126427017328512,0.9788837091389078,8.75155125375,researcher,1.3334541016728843,A_chain
0.45268992,0.04605626512837108,0.33335667102971667,2,0.3080640907031593,0.5119236143439949,35.006205015,researcher,2.9997899754370185,A_relay
0.45268992,0.037201430718448565,0.49334562861729647,3,0.46370015550703503,0.6905939603165278,23.33747001,researcher,2.0269765089491267,A_relay
0.45268992,0.03252536412677187,0.6565080452298414,4,0.6203312135265784,0.8844395981854832,17.5031025075,researcher,1.523210579468075,A_relay
0.45268992,0.02561596043962553,1.302046171638427,8,1.2653717963780964,1.6257434846425733,8.75155125375,researcher,0.7680219194851224,A_relay
24.71392683,0.0007260154731036209,7.423792757475566,2,7.351069927937825,8.314611709663188,22.6492416,researcher,0.1347020360977919,B_star
19.05161643,0.0006476493693167695,7.973191376206211,3,7.901583907324569,8.934864601308128,16.9869312,researcher,0.12542029318200287,B_star
15.654230190000002,0.000600399315429284,8.384275102383526,4,8.322590835566267,9.439906922281624,13.589544960000001,researcher,0.11927089555013703,B_star
9.61443243,0.0005189380362778129,9.244589623554965,8,9.162550478091255,10.514588411656606,7.5497472000000005,researcher,0.10817137814879602,B_star
0.45268992,0.053923727786380306,0.284719989761791,2,0.25979859022409446,0.4530035897915863,35.006205015,continental,3.5122226607153326,A_chain
0.45268992,0.048641282403914785,0.3773165984986181,3,0.34842536266984425,0.5713469539009006,23.33747001,continental,2.6502942197059545,A_chain
0.45268992,0.04507520042186883,0.47372308993430545,4,0.4432034479817618,0.6940448153391975,17.5031025075,continental,2.1109378479707988,A_chain
0.45268992,0.03891297692631705,0.8571218615941691,8,0.8134495857926443,1.1457112714161006,8.75155125375,continental,1.1666952446412817,A_chain
0.45268992,0.04113010965245958,0.3732828176969786,2,0.34347516646014986,0.5733978516475166,35.006205015,continental,2.6789339144234985,A_relay
0.45268992,0.03214129111382494,0.5710151206515025,3,0.5268499177308419,0.801278960652132,23.33747001,continental,1.7512671098079593,A_relay
0.45268992,0.028658696026369692,0.7450849544448271,4,0.7049426345491314,1.034568098189522,17.5031025075,continental,1.3421288324700014,A_relay
0.45268992,0.02252364458386559,1.480806674029467,8,1.4328446892612825,1.8795084044839139,8.75155125375,continental,0.6753075992552562,A_relay
24.71392683,0.000622440589243793,8.65684237460835,2,8.545309122418612,9.757669606675506,22.6492416,continental,0.11551556060823408,B_star
19.05161643,0.0005492446318608718,9.405232124599792,3,9.291780946042747,10.650700725482677,16.9869312,continental,0.10632379794055871,B_star
15.654230190000002,0.0005062745450979318,9.949947164077633,4,9.819652488749357,11.362644002504835,13.589544960000001,continental,0.10050304624835671,B_star
9.61443243,0.00043497633793751364,11.029759447124382,8,10.84978383266842,12.732255159628465,7.5497472000000005,continental,0.09066380865275483,B_star
0.45268992,0.03204624168971876,0.47909403454887783,2,0.4362187649869155,0.7658398498428481,35.006205015,intercontinental,2.0872729107170267,A_chain
0.45268992,0.02929259425022096,0.6265461866054206,3,0.5750140086681917,0.9690350402977668,23.33747001,intercontinental,1.5960515304034066,A_chain
0.45268992,0.02707204907253336,0.7887531219393441,4,0.7367891122160364,1.1594411353589251,17.5031025075,intercontinental,1.2678238249520375,A_chain
0.45268992,0.023725408678227113,1.405799313116327,8,1.3494965043778286,1.9187427654503175,8.75155125375,intercontinental,0.7113390870729868,A_chain
0.45268992,0.024396104007347853,0.6293284869842986,2,0.577226342363909,0.9673271361910792,35.006205015,intercontinental,1.588995287329095,A_relay
0.45268992,0.019915813830612156,0.9215371954846039,3,0.8676396981966306,1.3030311671766543,23.33747001,intercontinental,1.0851433939941353,A_relay
0.45268992,0.0173361234106558,1.2317149986444433,4,1.1716428607841316,1.707325097913992,17.5031025075,intercontinental,0.8118761248345145,A_relay
0.45268992,0.01340036331300994,2.488974548240376,8,2.4092198356949774,3.1988836560996274,8.75155125375,intercontinental,0.4017718866217284,A_relay
24.71392683,0.00037117451170872107,14.518342537676038,2,14.370482534029483,16.444876477639575,22.6492416,intercontinental,0.06887838590424047,B_star
19.05161643,0.0003258307979516563,15.852606106953191,3,15.670751432140628,18.033678222544037,16.9869312,intercontinental,0.06308111065482067,B_star
15.654230190000002,0.0003011030064184225,16.728668777362547,4,16.58932897678954,18.914789160552527,13.589544960000001,intercontinental,0.059777619684431384,B_star
9.61443243,0.00025827942054242064,18.57245905604006,8,18.317405652163178,21.04107749655711,7.5497472000000005,intercontinental,0.053843166216311245,B_star
